mode,base_spread,mean_pnl,mean_pnl_ci_lo,mean_pnl_ci_hi,std_pnl,sharpe,sharpe_ci_lo,sharpe_ci_hi,risk_of_ruin,risk_of_ruin_ci_lo,risk_of_ruin_ci_hi,pnl_5th_percentile,pnl_worst_5pct_mean,mean_max_drawdown,fill_rate,mean_abs_inventory,time_at_limit,spread_capture,adverse_selection,inventory_pnl,liquidation
inventory-aware,0.0,-26.46745,-26.63402,-26.30088,6.00935,-4.40438,-4.50805,-4.30926,0.8812,0.87194,0.88988,-36.85187,-40.83624,26.94975,0.61794,3.00995,0.0,-0.59806,-25.7456,0.02971,-0.1535
inventory-aware,0.02,-15.48961,-15.65766,-15.32155,6.06305,-2.55476,-2.60911,-2.50354,0.2496,0.2378,0.26179,-26.23725,-29.9339,16.73234,0.56598,3.04652,0.0,10.69854,-26.10309,0.07174,-0.1568
inventory-aware,0.04,-6.14859,-6.31849,-5.9787,6.1295,-1.00311,-1.03226,-0.97638,0.0358,0.031,0.04132,-16.92928,-20.88287,9.99386,0.51388,3.07406,0.0,19.92878,-25.98294,0.06383,-0.15826
inventory-aware,0.06,1.65793,1.48657,1.8293,6.18235,0.26817,0.23952,0.29837,0.0068,0.00487,0.00949,-9.2689,-13.24628,7.04433,0.46243,3.0775,0.0,27.13096,-25.39925,0.08368,-0.15745
inventory-aware,0.08,7.94463,7.77424,8.11502,6.14727,1.29238,1.24613,1.34179,0.0016,0.00081,0.00315,-2.97096,-6.95312,5.9113,0.41266,3.07375,0.0,32.42407,-24.41349,0.09158,-0.15753
inventory-aware,0.1,12.72415,12.55342,12.89487,6.15937,2.06582,2.00582,2.12782,0.0006,0.0002,0.00176,1.71651,-2.09656,5.35361,0.36499,3.06184,0.0,35.94746,-23.09093,0.02394,-0.15632
inventory-aware,0.12,16.31709,16.14764,16.48655,6.11342,2.66906,2.59453,2.74628,0.0004,0.00011,0.00146,5.47408,1.74618,5.01351,0.3203,3.04407,0.0,37.92954,-21.50788,0.05086,-0.15543
inventory-aware,0.14,18.64004,18.47251,18.80757,6.0442,3.08396,3.00142,3.16859,0.0002,4e-05,0.00113,7.82759,4.18483,4.80567,0.27893,3.0271,0.0,38.59185,-19.75437,-0.04252,-0.15492
inventory-aware,0.16,20.10603,19.93935,20.27271,6.01336,3.34356,3.25416,3.43604,0.0,0.0,0.00077,9.65837,5.85701,4.6373,0.24139,3.00022,0.0,38.2154,-17.92101,-0.03347,-0.15488
inventory-aware,0.18,20.74442,20.57917,20.90966,5.96158,3.47968,3.39196,3.5753,0.0002,4e-05,0.00113,10.40642,6.88175,4.51409,0.20746,2.96607,0.0,36.98464,-16.06474,-0.02171,-0.15377
inventory-aware,0.2,20.74001,20.57737,20.90265,5.86774,3.53458,3.44108,3.62687,0.0,0.0,0.00077,10.38526,6.97324,4.40904,0.17717,2.92592,0.0,35.12426,-14.22848,-0.00466,-0.15112
inventory-aware,0.22,20.23645,20.07442,20.39848,5.84572,3.46175,3.37313,3.55803,0.0,0.0,0.00077,10.09851,6.50824,4.32817,0.15048,2.8875,0.0,32.84053,-12.48169,0.02845,-0.15084
inventory-aware,0.24,19.28636,19.12664,19.44607,5.76208,3.34711,3.26296,3.43587,0.0,0.0,0.00077,9.19696,5.56801,4.33263,0.12721,2.85819,0.0,30.30442,-10.84601,-0.02367,-0.14838
inventory-aware,0.26,18.14244,17.98432,18.30056,5.70449,3.18038,3.09669,3.26313,0.0002,4e-05,0.00113,8.07708,4.63555,4.30992,0.10705,2.81916,0.0,27.64199,-9.35547,0.00403,-0.14811
inventory-aware,0.28,16.85222,16.69561,17.00884,5.65031,2.98253,2.90119,3.06131,0.0,0.0,0.00077,7.22701,3.48899,4.26228,0.08975,2.77552,0.0,24.97146,-8.01698,0.04449,-0.14674
inventory-aware,0.3,15.44729,15.2928,15.60177,5.57348,2.77157,2.69294,2.84905,0.0,0.0,0.00077,5.95018,2.50889,4.23578,0.07493,2.73041,0.0,22.34891,-6.8183,0.06362,-0.14695
inventory-aware,0.32,13.99348,13.84169,14.14528,5.47621,2.55532,2.47877,2.63092,0.0004,0.00011,0.00146,4.62072,1.2864,4.25308,0.0624,2.68299,0.0,19.85913,-5.77061,0.0503,-0.14533
inventory-aware,0.34,12.59078,12.44215,12.73942,5.36234,2.348,2.27983,2.41701,0.0,0.0,0.00077,3.24268,0.01491,4.24187,0.05185,2.63597,0.0,17.54001,-4.85413,0.04854,-0.14364
inventory-aware,0.36,11.26474,11.11924,11.41025,5.24959,2.14583,2.07896,2.20954,0.0004,0.00011,0.00146,2.31164,-1.18208,4.21934,0.04295,2.56966,0.0,15.39029,-4.06367,0.08226,-0.14414
inventory-aware,0.38,10.02021,9.87568,10.16474,5.21428,1.92169,1.85859,1.98522,0.0006,0.0002,0.00176,1.27342,-2.39396,4.209,0.03552,2.51663,0.0,13.43926,-3.38956,0.11321,-0.1427
inventory-aware,0.4,8.7655,8.62468,8.90631,5.0803,1.72539,1.66765,1.78231,0.0006,0.0002,0.00176,0.29884,-3.20045,4.18864,0.02932,2.44944,0.0,11.68302,-2.82404,0.04685,-0.14033
inventory-aware,0.42,7.70357,7.56761,7.83952,4.90479,1.57062,1.51321,1.62779,0.0002,4e-05,0.00113,-0.257,-3.59719,4.12114,0.02416,2.38028,0.0,10.11158,-2.34443,0.07728,-0.14086
inventory-aware,0.44,6.69105,6.55952,6.82258,4.74532,1.41003,1.35571,1.46314,0.0006,0.0002,0.00176,-0.96403,-4.22348,4.03111,0.01989,2.28398,0.0,8.72524,-1.93941,0.04382,-0.1386
inventory-aware,0.46,5.79057,5.66316,5.91799,4.59695,1.25966,1.20717,1.30724,0.0006,0.0002,0.00176,-1.87617,-4.92835,3.94061,0.01633,2.1791,0.0,7.49215,-1.59962,0.03393,-0.13589
inventory-aware,0.48,5.00648,4.88506,5.1279,4.38045,1.14291,1.09531,1.18749,0.0006,0.0002,0.00176,-2.0549,-5.2423,3.77389,0.01337,2.0584,0.0,6.4043,-1.31667,0.05051,-0.13166
inventory-aware,0.5,4.27854,4.16344,4.39364,4.1525,1.03035,0.98512,1.07687,0.001,0.00043,0.00234,-2.42406,-5.50952,3.60966,0.011,1.92713,0.0,5.48624,-1.08578,0.00462,-0.12654
naive,0.0,-26.77844,-27.54189,-26.01499,27.5434,-0.97223,-1.0062,-0.93985,0.7528,0.74065,0.76456,-78.74577,-107.52517,40.7683,0.61833,13.22589,0.24066,0.0,-25.8872,0.09112,-0.98236
naive,0.02,-15.92887,-16.70408,-15.15366,27.96761,-0.56955,-0.59342,-0.54803,0.5662,0.55242,0.57988,-69.41305,-97.91722,35.29718,0.56605,13.5268,0.25031,11.32108,-26.24469,-0.00196,-1.0033
naive,0.04,-6.34463,-7.11991,-5.56935,27.97029,-0.22683,-0.25065,-0.20285,0.4278,0.41415,0.44156,-59.69705,-88.74461,31.68365,0.51371,13.50455,0.2486,20.54849,-26.11775,0.22564,-1.001
naive,0.06,1.64479,0.87515,2.41443,27.7667,0.05924,0.03049,0.08755,0.3414,0.32838,0.35466,-51.35597,-79.75734,29.20753,0.46191,13.41478,0.24518,27.71461,-25.52366,0.44635,-0.99251
naive,0.08,7.91482,7.15346,8.67619,27.46828,0.28814,0.25286,0.32245,0.2692,0.25709,0.28167,-42.90049,-72.63463,27.2114,0.41186,13.16457,0.23774,32.94898,-24.51136,0.45699,-0.97979
naive,0.1,12.5243,11.78103,13.26757,26.81539,0.46706,0.42436,0.50803,0.2386,0.22699,0.25061,-37.50845,-64.87419,25.60388,0.36401,12.80439,0.22837,36.40079,-23.16168,0.23741,-0.95221
naive,0.12,16.01844,15.30574,16.73115,25.71269,0.62298,0.57725,0.66776,0.1964,0.18562,0.20764,-31.0864,-56.82181,23.95061,0.31928,12.36826,0.21457,38.31379,-21.55961,0.18848,-0.92422
naive,0.14,18.2447,17.57672,18.91268,24.09901,0.75707,0.7115,0.80327,0.1724,0.16218,0.18312,-25.83451,-50.46172,22.11876,0.27795,11.6824,0.19261,38.91293,-19.78698,-0.00858,-0.87267
naive,0.16,19.62517,19.00163,20.24871,22.49572,0.8724,0.82176,0.92323,0.149,0.1394,0.15914,-21.27844,-43.68312,20.45671,0.24032,10.9867,0.17212,38.45157,-17.92894,-0.07631,-0.82115
naive,0.18,20.26464,19.6807,20.84858,21.06727,0.9619,0.90941,1.01287,0.1266,0.11767,0.1361,-18.14229,-38.58438,18.90399,0.20641,10.34133,0.14872,37.15463,-16.04606,-0.06743,-0.7765
naive,0.2,20.29936,19.75437,20.84435,19.66177,1.03243,0.97928,1.08664,0.1102,0.10182,0.11918,-15.88151,-34.29245,17.36092,0.1762,9.61064,0.12676,35.23986,-14.20402,-0.01785,-0.71863
naive,0.22,19.68332,19.17812,20.18851,18.22606,1.07995,1.02641,1.13621,0.0916,0.08391,0.09991,-13.72084,-31.19411,16.00876,0.14954,8.91855,0.10486,32.8997,-12.44758,-0.09593,-0.67287
naive,0.24,18.82208,18.35377,19.29038,16.89536,1.11404,1.06258,1.16829,0.0794,0.07222,0.08722,-11.31896,-27.46103,14.75028,0.12636,8.24322,0.08537,30.32719,-10.8118,-0.07122,-0.62209
naive,0.26,17.74538,17.31163,18.17912,15.64839,1.13401,1.07941,1.18844,0.0642,0.05773,0.07133,-9.63409,-24.68038,13.55245,0.10632,7.60895,0.06666,27.6444,-9.32345,-0.00324,-0.57232
naive,0.28,16.45698,16.05963,16.85432,14.33518,1.14801,1.0946,1.20089,0.055,0.04902,0.06167,-8.78074,-21.40837,12.37068,0.08909,6.97118,0.04876,24.94635,-7.97485,0.00857,-0.52309
naive,0.3,15.20257,14.83704,15.5681,13.18741,1.15281,1.10139,1.20182,0.0424,0.03716,0.04835,-8.37122,-18.87134,11.2134,0.07439,6.36747,0.03289,22.31688,-6.78211,0.14528,-0.47748
naive,0.32,13.70673,13.37271,14.04076,12.05081,1.13741,1.08725,1.18656,0.0366,0.03174,0.04217,-7.86744,-17.23641,10.31917,0.06198,5.81188,0.02193,19.83277,-5.73831,0.0487,-0.43642
naive,0.34,12.38084,12.07586,12.68582,11.00296,1.12523,1.07427,1.1739,0.0306,0.02617,0.03575,-7.62962,-16.22901,9.46292,0.05145,5.29341,0.01361,17.4945,-4.82495,0.11139,-0.4001
naive,0.36,11.10328,10.82374,11.38282,10.08506,1.10096,1.04783,1.15048,0.0288,0.02451,0.03381,-6.81378,-15.22375,8.63045,0.04262,4.82783,0.00859,15.3414,-4.03341,0.15895,-0.36366
naive,0.38,9.81611,9.56319,10.06904,9.12492,1.07575,1.02688,1.12511,0.0202,0.01665,0.02448,-6.00455,-13.80623,7.89431,0.03526,4.39288,0.00417,13.39857,-3.36838,0.11674,-0.33082
naive,0.4,8.59689,8.36551,8.82826,8.34743,1.02988,0.98467,1.07486,0.0132,0.01039,0.01676,-6.2502,-12.24597,7.26043,0.02909,4.0038,0.00185,11.63696,-2.80433,0.06535,-0.3011
naive,0.42,7.54555,7.33358,7.75753,7.64744,0.98668,0.94,1.03313,0.0088,0.00656,0.01179,-5.33953,-11.05895,6.66955,0.02398,3.65613,0.00085,10.07202,-2.32675,0.0748,-0.27452
naive,0.44,6.59016,6.39843,6.78189,6.91718,0.95272,0.90822,0.99586,0.0056,0.00388,0.00808,-4.88264,-9.99315,6.09494,0.01977,3.31169,0.00017,8.69968,-1.9295,0.07088,-0.2509
naive,0.46,5.73037,5.55314,5.9076,6.39405,0.8962,0.84855,0.94218,0.0052,0.00355,0.00761,-4.87565,-9.79022,5.59887,0.01626,3.00173,2e-05,7.47896,-1.59111,0.06952,-0.227
naive,0.48,4.93599,4.77596,5.09602,5.77341,0.85495,0.81082,0.89802,0.0042,0.00275,0.00641,-4.30625,-9.01048,5.07737,0.01332,2.70288,0.0,6.39192,-1.30909,0.05736,-0.20419
naive,0.5,4.23615,4.09241,4.37988,5.18561,0.8169,0.77551,0.85661,0.0028,0.00167,0.00469,-4.04187,-8.11724,4.60851,0.01094,2.41813,0.0,5.47095,-1.08036,0.02954,-0.18399
